[u'http://www.daraz.pk/', u'Daraz']
[u'http://www.jovago.net', u'Jovago']
[u'http://www.lamudi.pk/', u'Lamudi']
[u'https://www.daraz.pk/en/catalog/?q=samsung', u'English']
[u'https://www.daraz.pk/ur/catalog/?q=samsung', u'Urdu']
[u'https://www.daraz.pk/womens-fashion/', u"  Women's Fashion  "]
[u'https://www.daraz.pk/phones-tablets/', u'  Phones & Tablets  ']
[u'https://www.daraz.pk/mens-fashion/', u"  Men's Fashion  "]
[u'https://www.daraz.pk/beauty-health/', u'  Beauty & Health  ']
[u'https://www.daraz.pk/home-appliances/', u'  Appliances  ']
[u'https://www.daraz.pk/computing-gaming/', u'  Computing & Gaming  ']
[u'https://www.daraz.pk/tvs-audio-cameras/', u'  TVs, Audio & Cameras  ']
[u'https://www.daraz.pk/home-living/', u'  Home & Living  ']
[u'https://www.daraz.pk/sports-travel/', u'  Sports & Travel  ']
[u'https://www.daraz.pk/baby-toys-kids/', u'  Baby, Toys & Kids  ']
[u'https://www.daraz.pk/grocers-shop/', u"  Grocer's Shop  "]
[u'https://www.daraz.pk/', u'Daraz.pk \u2013 online shopping in country for electronics, mobiles, fashion & more']
[u'https://www.daraz.pk/cart/', u'   Cart ']
[u'https://www.daraz.pk/customer/account/login/', u'      ']
[u'https://www.daraz.pk/ajax/account/', u' Login ']
[u'https://www.daraz.pk/phones-tablets/?q=samsung', u' Phones & Tablets (24371)']
[u'https://www.daraz.pk/computing-gaming/?q=samsung', u' Computing & Gaming (221)']
[u'https://www.daraz.pk/tvs-audio-cameras/?q=samsung', u' TVs, Audio & Cameras (190)']
[u'https://www.daraz.pk/sports-travel/?q=samsung', u' Sports & Travel (61)']
[u'https://www.daraz.pk/beauty-health/?q=samsung', u' Beauty & Health (46)']
[u'https://www.daraz.pk/automotive-motorcycles/?q=samsung', u' Automotive & Motorcycles (30)']
[u'https://www.daraz.pk/home-appliances/?q=samsung', u' Appliances (20)']
[u'https://www.daraz.pk/bachat-bazaar-shop/?q=samsung', u' Bachat Bazaar (9)']
[u'https://www.daraz.pk/mens-fashion/?q=samsung', u" Men's Fashion (6)"]
[u'https://www.daraz.pk/home-living/?q=samsung', u' Home & Living (5)']
[u'https://www.daraz.pk/baby-toys-kids/?q=samsung', u' Baby, Toys & Kids (4)']
[u'https://www.daraz.pk/lifestyle-accessories/?q=samsung', u' Lifestyle Accessories (3)']
[u'https://www.daraz.pk/books-stationery/?q=samsung', u' Books & Stationery (1)']
[u'https://www.daraz.pk/catalog/?q=samsung&jumia_recommended=jumia_first', u'        (148)']
[u'https://www.daraz.pk/catalog/?q=samsung&rating=4-5', u'   & Up (2543)']
[u'https://www.daraz.pk/catalog/?q=samsung&rating=3-5', u'   & Up (2949)']
[u'https://www.daraz.pk/catalog/?q=samsung&rating=2-5', u'   & Up (3049)']
[u'https://www.daraz.pk/catalog/?q=samsung&rating=1-5', u'   & Up (3286)']
[u'https://www.daraz.pk/decor-today/?q=samsung', u'decor today']
[u'https://www.daraz.pk/samsung/?q=samsung', u'Samsung']
[u'https://www.daraz.pk/techup-accessories/?q=samsung', u'Techup Accessories']
[u'https://www.daraz.pk/remax/?q=samsung', u'Remax']
[u'https://www.daraz.pk/mobiles-shop/?q=samsung', u'Mobiles Shop']
[u'https://www.daraz.pk/aronline/?q=samsung', u'AR Online']
[u'https://www.daraz.pk/the-speed-grade/?q=samsung', u'The Speed Grade']
[u'https://www.daraz.pk/igemnic/?q=samsung', u'Igemnic']
[u'https://www.daraz.pk/hkt/?q=samsung', u'HKT']
[u'https://www.daraz.pk/phone-zone/?q=samsung', u'Phone Zone']
[u'https://www.daraz.pk/floveme/?q=samsung', u'Floveme']
[u'https://www.daraz.pk/my/?q=samsung', u'MY']
[u'https://www.daraz.pk/hippo/?q=samsung', u'Hippo']
[u'https://www.daraz.pk/promate/?q=samsung', u'PROMATE']
[u'https://www.daraz.pk/a-r-accessories/?q=samsung', u'A R Accessories']
[u'https://www.daraz.pk/aargon/?q=samsung', u'Aargon']
[u'https://www.daraz.pk/electrotech/?q=samsung', u'Electrotech']
[u'https://www.daraz.pk/huawei/?q=samsung', u'Huawei']
[u'https://www.daraz.pk/romoss/?q=samsung', u'Romoss']
[u'https://www.daraz.pk/noor-mobile/?q=samsung', u'Noor mobile']
[u'https://www.daraz.pk/daily-deals/?q=samsung', u'Daily Deals']
[u'https://www.daraz.pk/infinix/?q=samsung', u'Infinix']
[u'https://www.daraz.pk/nillkin/?q=samsung', u'NILLKIN']
[u'https://www.daraz.pk/maujtech/?q=samsung', u'MaujTech']
[u'https://www.daraz.pk/punjab-electronics/?q=samsung', u'Punjab Electronics']
[u'https://www.daraz.pk/anker/?q=samsung', u'Anker']
[u'https://www.daraz.pk/targus/?q=samsung', u'Targus']
[u'https://www.daraz.pk/p-a/?q=samsung', u'P.A']
[u'https://www.daraz.pk/tech-land/?q=samsung', u'Tech Land']
[u'https://www.daraz.pk/baseus/?q=samsung', u'Baseus']
[u'https://www.daraz.pk/biz-smart-collections/?q=samsung', u'Biz Smart Collections']
[u'https://www.daraz.pk/infinity/?q=samsung', u'Infinity']
[u'https://www.daraz.pk/rauf-mobile/?q=samsung', u'Rauf Mobile']
[u'https://www.daraz.pk/apple/?q=samsung', u'Apple']
[u'https://www.daraz.pk/space/?q=samsung', u'SPACE']
[u'https://www.daraz.pk/battery-parcel/?q=samsung', u'battery parcel']
[u'https://www.daraz.pk/skullcandy/?q=samsung', u'Skullcandy']
[u'https://www.daraz.pk/spigen/?q=samsung', u'Spigen']
[u'https://www.daraz.pk/umw/?q=samsung', u'UMW']
[u'https://www.daraz.pk/tech-city/?q=samsung', u'Tech City']
[u'https://www.daraz.pk/tech-zone/?q=samsung', u'Tech-Zone']
[u'https://www.daraz.pk/khalid-accessories/?q=samsung', u'Khalid Accessories']
[u'https://www.daraz.pk/ba-noor/?q=samsung', u'Ba Noor']
[u'https://www.daraz.pk/shoppers-stop/?q=samsung', u'shoppers stop']
[u'https://www.daraz.pk/moonlight/?q=samsung', u'Moonlight']
[u'https://www.daraz.pk/samsung-official/?q=samsung', u'Samsung Official']
[u'https://www.daraz.pk/ato/?q=samsung', u'ATO']
[u'https://www.daraz.pk/sony/?q=samsung', u'Sony']
[u'https://www.daraz.pk/telectronics/?q=samsung', u'Telectronics']
[u'https://www.daraz.pk/masspk/?q=samsung', u'MASSPK']
[u'https://www.daraz.pk/sehgal-motors/?q=samsung', u'Sehgal Motors']
[u'https://www.daraz.pk/megamall/?q=samsung', u'MegaMall']
[u'https://www.daraz.pk/sennheiser/?q=samsung', u'Sennheiser']
[u'https://www.daraz.pk/faster/?q=samsung', u'Faster']
[u'https://www.daraz.pk/lenovo/?q=samsung', u'Lenovo']
[u'https://www.daraz.pk/dany/?q=samsung', u'DANY']
[u'https://www.daraz.pk/lg/?q=samsung', u'LG']
[u'https://www.daraz.pk/vip-traders/?q=samsung', u'VIP Traders']
[u'https://www.daraz.pk/rubian/?q=samsung', u'Rubian']
[u'https://www.daraz.pk/proda/?q=samsung', u'Proda']
[u'https://www.daraz.pk/deals/?q=samsung', u'Deals']
[u'https://www.daraz.pk/digital/?q=samsung', u'digital']
[u'https://www.daraz.pk/lobo/?q=samsung', u'Lobo']
[u'https://www.daraz.pk/coolvision/?q=samsung', u'Coolvision']
[u'https://www.daraz.pk/logitech/?q=samsung', u'Logitech']
[u'https://www.daraz.pk/motorola/?q=samsung', u'Motorola']
[u'https://www.daraz.pk/audionic/?q=samsung', u'Audionic']
[u'https://www.daraz.pk/united/?q=samsung', u'United']
[u'https://www.daraz.pk/vr-2-0/?q=samsung', u'VR 2.0']
[u'https://www.daraz.pk/qmobile/?q=samsung', u'QMobile']
[u'https://www.daraz.pk/techmanistan-kids/?q=samsung', u'Techmanistan']
[u'https://www.daraz.pk/moshi/?q=samsung', u'Moshi']
[u'https://www.daraz.pk/joyroom/?q=samsung', u'JoyRoom']
[u'https://www.daraz.pk/silicon/?q=samsung', u'Silicon']
[u'https://www.daraz.pk/mobopro/?q=samsung', u'MoboPro']
[u'https://www.daraz.pk/deal-souk/?q=samsung', u'Deal Souk']
[u'https://www.daraz.pk/chinaonline/?q=samsung', u'ChinaOnline']
[u'https://www.daraz.pk/jabra/?q=samsung', u'Jabra']
[u'https://www.daraz.pk/karachi-mobile/?q=samsung', u'Karachi Mobile']
[u'https://www.daraz.pk/mob-n-more/?q=samsung', u'MOB N MORE']
[u'https://www.daraz.pk/caseme/?q=samsung', u'CaseMe']
[u'https://www.daraz.pk/better-deals/?q=samsung', u'Better Deals']
[u'https://www.daraz.pk/jns-electronics/?q=samsung', u'JNS Electronics']
[u'https://www.daraz.pk/bluedio/?q=samsung', u'BLUEDIO']
[u'https://www.daraz.pk/ezyshop/?q=samsung', u'EzyShop']
[u'https://www.daraz.pk/bismillah-traders/?q=samsung', u'Bismillah Traders']
[u'https://www.daraz.pk/tech-zone-/?q=samsung', u'Tech Zone']
[u'https://www.daraz.pk/computer-hardware-shop/?q=samsung', u'Computer Hardware Shop']
[u'https://www.daraz.pk/innovative-technology/?q=samsung', u'Innovative Technology']
[u'https://www.daraz.pk/mobiwrap/?q=samsung', u'Mobiwrap']
[u'https://www.daraz.pk/gs-wholeseller/?q=samsung', u'GS Wholeseller']
[u'https://www.daraz.pk/easyshoppakistan/?q=samsung', u'EasyShopPakistan']
[u'https://www.daraz.pk/ronin/?q=samsung', u'Ronin']
[u'https://www.daraz.pk/belkin/?q=samsung', u'BELKIN']
[u'https://www.daraz.pk/fast-mobile-accessories/?q=samsung', u'Fast Mobile Accessories']
[u'https://www.daraz.pk/jbl/?q=samsung', u'JBL']
[u'https://www.daraz.pk/igeek/?q=samsung', u'iGeek']
[u'https://www.daraz.pk/yunteng/?q=samsung', u'Yunteng']
[u'https://www.daraz.pk/5-dollar-shop/?q=samsung', u'5 Dollar Shop']
[u'https://www.daraz.pk/verbatim/?q=samsung', u'Verbatim ']
[u'https://www.daraz.pk/a4tech/?q=samsung', u'A4TECH']
[u'https://www.daraz.pk/cube-case/?q=samsung', u'Cube Case']
[u'https://www.daraz.pk/flair/?q=samsung', u'Flair']
[u'https://www.daraz.pk/computer-tech/?q=samsung', u'Computer Tech']
[u'https://www.daraz.pk/muzz-sons/?q=samsung', u'muzz & sons']
[u'https://www.daraz.pk/nokia/?q=samsung', u'Nokia']
[u'https://www.daraz.pk/gj/?q=samsung', u'GJ']
[u'https://www.daraz.pk/wst/?q=samsung', u'WST']
[u'https://www.daraz.pk/vidvie/?q=samsung', u'Vidvie']
[u'https://www.daraz.pk/pakexpress/?q=samsung', u'Pakexpress']
[u'https://www.daraz.pk/seasonalincorporation/?q=samsung', u'SeasonalIncorporation']
[u'https://www.daraz.pk/astrum/?q=samsung', u'Astrum']
[u'https://www.daraz.pk/shinecon/?q=samsung', u'Shinecon']
[u'https://www.daraz.pk/rangrez/?q=samsung', u'Rangrez']
[u'https://www.daraz.pk/popsockets/?q=samsung', u'PopSockets']
[u'https://www.daraz.pk/rock/?q=samsung', u'Rock']
[u'https://www.daraz.pk/xenium/?q=samsung', u'Xenium']
[u'https://www.daraz.pk/wonderz/?q=samsung', u'WonderZ']
[u'https://www.daraz.pk/computer-shop/?q=samsung', u'Computer Shop']
[u'https://www.daraz.pk/united-accessories/?q=samsung', u'United Accessories']
[u'https://www.daraz.pk/link-pro/?q=samsung', u'LINK PRO']
[u'https://www.daraz.pk/jabees/?q=samsung', u'Jabees']
[u'https://www.daraz.pk/laptab/?q=samsung', u'LapTab']
[u'https://www.daraz.pk/loud/?q=samsung', u'Loud']
[u'https://www.daraz.pk/nature-s-bounty-usa/?q=samsung', u"Nature's Bounty USA"]
[u'https://www.daraz.pk/hotline/?q=samsung', u'Hotline']
[u'https://www.daraz.pk/i-craze/?q=samsung', u'I Craze']
[u'https://www.daraz.pk/competitive/?q=samsung', u'Competitive']
[u'https://www.daraz.pk/zoom-networks/?q=samsung', u'Zoom Networks']
[u'https://www.daraz.pk/ahm/?q=samsung', u'AHM']
[u'https://www.daraz.pk/al-arbish/?q=samsung', u'Al Arbish']
[u'https://www.daraz.pk/kingston/?q=samsung', u'Kingston']
[u'https://www.daraz.pk/alcatel/?q=samsung', u'Alcatel']
[u'https://www.daraz.pk/dhoom/?q=samsung', u'Dhoom']
[u'https://www.daraz.pk/ipaky/?q=samsung', u'IPAKY']
[u'https://www.daraz.pk/h-co/?q=samsung', u'H &Co']
[u'https://www.daraz.pk/mophie/?q=samsung', u'Mophie']
[u'https://www.daraz.pk/cellbliss/?q=samsung', u'CellBliss']
[u'https://www.daraz.pk/e2b/?q=samsung', u'e2b']
[u'https://www.daraz.pk/panasonic/?q=samsung', u'Panasonic']
[u'https://www.daraz.pk/ldnio/?q=samsung', u'LDNIO ']
[u'https://www.daraz.pk/mtc/?q=samsung', u'MTC']
[u'https://www.daraz.pk/seven-star/?q=samsung', u'Seven Star']
[u'https://www.daraz.pk/discount/?q=samsung', u'Discount']
[u'https://www.daraz.pk/3b-international/?q=samsung', u'3B International']
[u'https://www.daraz.pk/tucano/?q=samsung', u'Tucano']
[u'https://www.daraz.pk/y-ali/?q=samsung', u'Y.Ali']
[u'https://www.daraz.pk/online-souk/?q=samsung', u'Online Souk']
[u'https://www.daraz.pk/pisen/?q=samsung', u'PISEN']
[u'https://www.daraz.pk/rabia-s-store/?q=samsung', u"Rabia's Store"]
[u'https://www.daraz.pk/htc/?q=samsung', u'HTC']
[u'https://www.daraz.pk/attaris-communication/?q=samsung', u'Attaris Communication']
[u'https://www.daraz.pk/ali-s-enterprise/?q=samsung', u"Ali's Enterprise"]
[u'https://www.daraz.pk/g-case/?q=samsung', u'G-Case']
[u'https://www.daraz.pk/basit-deals/?q=samsung', u'Basit Deals']
[u'https://www.daraz.pk/plugin/?q=samsung', u'Plugin']
[u'https://www.daraz.pk/lishion/?q=samsung', u'Lishion']
[u'https://www.daraz.pk/technoworld/?q=samsung', u'TechnoWorld']
[u'https://www.daraz.pk/milano-mall/?q=samsung', u'Milano Mall']
[u'https://www.daraz.pk/mi/?q=samsung', u'Mi']
[u'https://www.daraz.pk/nia/?q=samsung', u'NIA']
[u'https://www.daraz.pk/energizer/?q=samsung', u'Energizer']
[u'https://www.daraz.pk/samar/?q=samsung', u'Samar']
[u'https://www.daraz.pk/edifier/?q=samsung', u'Edifier']
[u'https://www.daraz.pk/the-vitamin-company/?q=samsung', u'The Vitamin Company']
[u'https://www.daraz.pk/fineblue/?q=samsung', u'Fineblue']
[u'https://www.daraz.pk/forever-living/?q=samsung', u'Forever Living']
[u'https://www.daraz.pk/onlineshoppingstore/?q=samsung', u'OnlineShoppingStore']
[u'https://www.daraz.pk/it-care/?q=samsung', u'IT.Care']
[u'https://www.daraz.pk/lunar/?q=samsung', u'Lunar']
[u'https://www.daraz.pk/konfulon/?q=samsung', u'Konfulon']
[u'https://www.daraz.pk/smp/?q=samsung', u'SMP']
[u'https://www.daraz.pk/griffin/?q=samsung', u'GRIFFIN']
[u'https://www.daraz.pk/elephone/?q=samsung', u'Elephone']
[u'https://www.daraz.pk/hawks-eye/?q=samsung', u'Hawks Eye']
[u'https://www.daraz.pk/asa/?q=samsung', u'ASA']
[u'https://www.daraz.pk/online-mania/?q=samsung', u'Online Mania']
[u'https://www.daraz.pk/e4easy/?q=samsung', u'E4easy']
[u'https://www.daraz.pk/mageek/?q=samsung', u'MaGeek']
[u'https://www.daraz.pk/awei/?q=samsung', u'Awei']
[u'https://www.daraz.pk/microsoft/?q=samsung', u'Microsoft']
[u'https://www.daraz.pk/nite-ize/?q=samsung', u'Nite Ize']
[u'https://www.daraz.pk/meizu/?q=samsung', u'MEIZU']
[u'https://www.daraz.pk/hashtag/?q=samsung', u'HashTag']
[u'https://www.daraz.pk/ugreen/?q=samsung', u'UGREEN']
[u'https://www.daraz.pk/haroonia-traders/?q=samsung', u'Haroonia Traders']
[u'https://www.daraz.pk/zamantech/?q=samsung', u'Zamantech']
[u'https://www.daraz.pk/hedge-over/?q=samsung', u'Hedge Over']
[u'https://www.daraz.pk/shal/?q=samsung', u'Shal']
[u'https://www.daraz.pk/united-mobile/?q=samsung', u'United Mobile']
[u'https://www.daraz.pk/yoobao/?q=samsung', u'Yoobao']
[u'https://www.daraz.pk/unique-gadgets/?q=samsung', u'Unique gadgets']
[u'https://www.daraz.pk/alphatronix/?q=samsung', u'AlphaTronix']
[u'https://www.daraz.pk/nvc/?q=samsung', u'NVC']
[u'https://www.daraz.pk/cannice/?q=samsung', u'Cannice']
[u'https://www.daraz.pk/smart-gadgets/?q=samsung', u'SMART GADGETS']
[u'https://www.daraz.pk/vrbox/?q=samsung', u'Vrbox']
[u'https://www.daraz.pk/kings-computers/?q=samsung', u'Kings Computers']
[u'https://www.daraz.pk/hanif-electronics/?q=samsung', u'Hanif Electronics']
[u'https://www.daraz.pk/swissvoice/?q=samsung', u'Swissvoice']
[u'https://www.daraz.pk/ft/?q=samsung', u'FT']
[u'https://www.daraz.pk/ds-accessories/?q=samsung', u'DS Accessories']
[u'https://www.daraz.pk/beat-by-dre/?q=samsung', u'Beat by Dre']
[u'https://www.daraz.pk/sandisk/?q=samsung', u'SanDisk']
[u'https://www.daraz.pk/amazon/?q=samsung', u'Amazon']
[u'https://www.daraz.pk/elegancy/?q=samsung', u'Elegancy']
[u'https://www.daraz.pk/just-mobile/?q=samsung', u'Just Mobile']
[u'https://www.daraz.pk/motomo/?q=samsung', u'Motomo']
[u'https://www.daraz.pk/mr-khan/?q=samsung', u'Mr khan']
[u'https://www.daraz.pk/naveed-electronics/?q=samsung', u'Naveed Electronics']
[u'https://www.daraz.pk/infinixpk/?q=samsung', u'INFINIXPK']
[u'https://www.daraz.pk/angelscollection/?q=samsung', u'AngelsCollection']
[u'https://www.daraz.pk/rafay-shafay-collection/?q=samsung', u'Rafay & Shafay Collection']
[u'https://www.daraz.pk/packdeals/?q=samsung', u'packdeals']
[u'https://www.daraz.pk/totu-design/?q=samsung', u'TOTU DESIGN']
[u'https://www.daraz.pk/gfive/?q=samsung', u'Gfive']
[u'https://www.daraz.pk/taotronics/?q=samsung', u'TaoTronics']
[u'https://www.daraz.pk/universal/?q=samsung', u'Universal']
[u'https://www.daraz.pk/inspired/?q=samsung', u'Inspired']
[u'https://www.daraz.pk/sb/?q=samsung', u'SB']
[u'https://www.daraz.pk/i-t-wholeseller/?q=samsung', u'I.T WholeSeller']
[u'https://www.daraz.pk/r-a/?q=samsung', u'R & A']
[u'https://www.daraz.pk/daraz-accessories/?q=samsung', u'Daraz Accessories']
[u'https://www.daraz.pk/sheridan-traders/?q=samsung', u'Sheridan\xa0Traders']
[u'https://www.daraz.pk/siemens/?q=samsung', u'Siemens']
[u'https://www.daraz.pk/genius/?q=samsung', u'Genius']
[u'https://www.daraz.pk/rajesh/?q=samsung', u'Rajesh']
[u'https://www.daraz.pk/lumdoo/?q=samsung', u'Lumdoo']
[u'https://www.daraz.pk/rokform/?q=samsung', u'Rokform']
[u'https://www.daraz.pk/haptime/?q=samsung', u'Haptime']
[u'https://www.daraz.pk/pngxe/?q=samsung', u'PNGXE']
[u'https://www.daraz.pk/thrifty-collection/?q=samsung', u'Thrifty Collection']
[u'https://www.daraz.pk/zovor/?q=samsung', u'Zovor']
[u'https://www.daraz.pk/hm/?q=samsung', u'HM']
[u'https://www.daraz.pk/future-tech/?q=samsung', u'Future Tech']
[u'https://www.daraz.pk/roman/?q=samsung', u'Roman']
[u'https://www.daraz.pk/dynamic-mart/?q=samsung', u'Dynamic Mart ']
[u'https://www.daraz.pk/kitsound/?q=samsung', u'KitSound']
[u'https://www.daraz.pk/warner/?q=samsung', u'Warner']
[u'https://www.daraz.pk/blueant/?q=samsung', u'BlueAnt']
[u'https://www.daraz.pk/odd-bits/?q=samsung', u'Odd Bits']
[u'https://www.daraz.pk/ipefet/?q=samsung', u'iPefet']
[u'https://www.daraz.pk/quickshopping/?q=samsung', u'Quickshopping']
[u'https://www.daraz.pk/rivo/?q=samsung', u'RIVO']
[u'https://www.daraz.pk/jcpal/?q=samsung', u'JCPAL ']
[u'https://www.daraz.pk/symphony/?q=samsung', u'Symphony ']
[u'https://www.daraz.pk/swiss-voice/?q=samsung', u'Swiss Voice']
[u'https://www.daraz.pk/encore-case/?q=samsung', u'Encore Case']
[u'https://www.daraz.pk/s-tek/?q=samsung', u'S-TEK']
[u'https://www.daraz.pk/ali-enterprises/?q=samsung', u'Ali Enterprises']
[u'https://www.daraz.pk/shop-now/?q=samsung', u'Shop Now']
[u'https://www.daraz.pk/blackberry/?q=samsung', u'Blackberry']
[u'https://www.daraz.pk/qmobile-feature-phone/?q=samsung', u'QMobile Feature Phone']
[u'https://www.daraz.pk/manhattan/?q=samsung', u'Manhattan']
[u'https://www.daraz.pk/haier/?q=samsung', u'Haier']
[u'https://www.daraz.pk/blaze/?q=samsung', u'BLAZE']
[u'https://www.daraz.pk/hd-electronic1/?q=samsung', u'HD Electronic']
[u'https://www.daraz.pk/beats/?q=samsung', u'Beats']
[u'https://www.daraz.pk/optimum-nutrition/?q=samsung', u'Optimum Nutrition']
[u'https://www.daraz.pk/travel_blue/?q=samsung', u'Travel Blue']
[u'https://www.daraz.pk/shure/?q=samsung', u'Shure']
[u'https://www.daraz.pk/ipega/?q=samsung', u'Ipega']
[u'https://www.daraz.pk/gear4/?q=samsung', u'Gear4']
[u'https://www.daraz.pk/m-speaker/?q=samsung', u'M Speaker']
[u'https://www.daraz.pk/camelion/?q=samsung', u'Camelion']
[u'https://www.daraz.pk/pearl/?q=samsung', u'Pearl']
[u'https://www.daraz.pk/amb/?q=samsung', u'AMB']
[u'https://www.daraz.pk/blue-music/?q=samsung', u'Blue Music']
[u'https://www.daraz.pk/tronsmart/?q=samsung', u'Tronsmart ']
[u'https://www.daraz.pk/net-world/?q=samsung', u'Net World']
[u'https://www.daraz.pk/kingswear/?q=samsung', u'Kingswear']
[u'https://www.daraz.pk/vr-case/?q=samsung', u'VR Case']
[u'https://www.daraz.pk/shopnsave/?q=samsung', u'ShopnSave']
[u'https://www.daraz.pk/technoholics/?q=samsung', u'Technoholics']
[u'https://www.daraz.pk/gadget-arena/?q=samsung', u'Gadget Arena']
[u'https://www.daraz.pk/innoverzgen/?q=samsung', u'Innoverzgen']
[u'https://www.daraz.pk/aukey/?q=samsung', u'AUKEY']
[u'https://www.daraz.pk/mks-store/?q=samsung', u'MKS Store']
[u'https://www.daraz.pk/a-h-accessories/?q=samsung', u'A&H Accessories.']
[u'https://www.daraz.pk/chs/?q=samsung', u'CHS']
[u'https://www.daraz.pk/google/?q=samsung', u'Google']
[u'https://www.daraz.pk/mezone/?q=samsung', u'Mezone']
[u'https://www.daraz.pk/rauf-traders/?q=samsung', u'Rauf Traders']
[u'https://www.daraz.pk/wt/?q=samsung', u'WT']
[u'https://www.daraz.pk/mar-interprises/?q=samsung', u'MAR Interprises']
[u'https://www.daraz.pk/generic/?q=samsung', u'Generic']
[u'https://www.daraz.pk/nutrex/?q=samsung', u'Nutrex']
[u'https://www.daraz.pk/mpow/?q=samsung', u'Mpow']
[u'https://www.daraz.pk/tdk/?q=samsung', u'TDK']
[u'https://www.daraz.pk/rastabanana/?q=samsung', u'Rastabanana']
[u'https://www.daraz.pk/uiisii/?q=samsung', u'Uiisii']
[u'https://www.daraz.pk/deals-pk/?q=samsung', u'Deals Pk']
[u'https://www.daraz.pk/let-s-shop/?q=samsung', u"Let's Shop"]
[u'https://www.daraz.pk/sf-collections/?q=samsung', u'SF Collections']
[u'https://www.daraz.pk/seq/?q=samsung', u'SEQ']
[u'https://www.daraz.pk/electro-house/?q=samsung', u'Electro House']
[u'https://www.daraz.pk/al-jannat/?q=samsung', u'Al Jannat']
[u'https://www.daraz.pk/shopping-at-craze/?q=samsung', u'Shopping At Craze']
[u'https://www.daraz.pk/unique-enterprises/?q=samsung', u'Unique Enterprises']
[u'https://www.daraz.pk/uniden/?q=samsung', u'Uniden']
[u'https://www.daraz.pk/solo/?q=samsung', u'Solo']
[u'https://www.daraz.pk/click-here/?q=samsung', u'Click Here']
[u'https://www.daraz.pk/philips/?q=samsung', u'Philips']
[u'https://www.daraz.pk/pk-bazaar/?q=samsung', u'PK Bazaar']
[u'https://www.daraz.pk/inv/?q=samsung', u'Inv']
[u'https://www.daraz.pk/hp/?q=samsung', u'HP']
[u'https://www.daraz.pk/umar-express/?q=samsung', u'Umar Express']
[u'https://www.daraz.pk/vorson/?q=samsung', u'vorson']
[u'https://www.daraz.pk/lion/?q=samsung', u'Lion']
[u'https://www.daraz.pk/harman-kardon/?q=samsung', u'Harman Kardon']
[u'https://www.daraz.pk/pny/?q=samsung', u'PNY']
[u'https://www.daraz.pk/tp-link/?q=samsung', u'TP-Link']
[u'https://www.daraz.pk/abbott/?q=samsung', u'Abbott']
[u'https://www.daraz.pk/pineng/?q=samsung', u'Pineng']
[u'https://www.daraz.pk/gnc/?q=samsung', u'Gnc']
[u'https://www.daraz.pk/interlink/?q=samsung', u'Interlink']
[u'https://www.daraz.pk/beevo/?q=samsung', u'Beevo']
[u'https://www.daraz.pk/totu/?q=samsung', u'Totu']
[u'https://www.daraz.pk/rizclick/?q=samsung', u'RizClick']
[u'https://www.daraz.pk/natural-factors/?q=samsung', u'Natural Factors']
[u'https://www.daraz.pk/i-flash/?q=samsung', u'I-flash']
[u'https://www.daraz.pk/adot-technologies/?q=samsung', u'Adot-Technologies']
[u'https://www.daraz.pk/one-hundred-ten/?q=samsung', u'One Hundred Ten']
[u'https://www.daraz.pk/urbanista/?q=samsung', u'Urbanista']
[u'https://www.daraz.pk/teinuro/?q=samsung', u'Teinuro']
[u'https://www.daraz.pk/digit/?q=samsung', u'Digit']
[u'https://www.daraz.pk/thumbz-up/?q=samsung', u'Thumbz Up']
[u'https://www.daraz.pk/tool-shop/?q=samsung', u'Tool Shop']
[u'https://www.daraz.pk/a-n-electronics/?q=samsung', u'A N Electronics']
[u'https://www.daraz.pk/buy-buy/?q=samsung', u'Buy & Buy']
[u'https://www.daraz.pk/shop-inbox/?q=samsung', u'Shop Inbox']
[u'https://www.daraz.pk/sofia-mart/?q=samsung', u'Sofia Mart']
[u'https://www.daraz.pk/bindas-collection/?q=samsung', u'Bindas Collection']
[u'https://www.daraz.pk/maga-shop/?q=samsung', u'Maga Shop']
[u'https://www.daraz.pk/oppo/?q=samsung', u'Oppo']
[u'https://www.daraz.pk/qumo/?q=samsung', u'Qumo']
[u'https://www.daraz.pk/vivo/?q=samsung', u'VIVO']
[u'https://www.daraz.pk/riversong/?q=samsung', u'Riversong']
[u'https://www.daraz.pk/variety-master/?q=samsung', u'Variety Master']
[u'https://www.daraz.pk/sigma/?q=samsung', u'SIGMA']
[u'https://www.daraz.pk/creative/?q=samsung', u'Creative']
[u'https://www.daraz.pk/elite1/?q=samsung', u'E-lite']
[u'https://www.daraz.pk/funky-jewellery/?q=samsung', u'Funky Jewellery']
[u'https://www.daraz.pk/perfect/?q=samsung', u'Perfect']
[u'https://www.daraz.pk/ke/?q=samsung', u'KE']
[u'https://www.daraz.pk/altec-lansing/?q=samsung', u'Altec Lansing']
[u'https://www.daraz.pk/verus/?q=samsung', u'Verus']
[u'https://www.daraz.pk/e-lite-appliances/?q=samsung', u'E-Lite Appliances ']
[u'https://www.daraz.pk/muzammal-bros/?q=samsung', u'Muzammal Bros']
[u'https://www.daraz.pk/adonite/?q=samsung', u'Adonite']
[u'https://www.daraz.pk/xundd/?q=samsung', u'Xundd']
[u'https://www.daraz.pk/fitbit/?q=samsung', u'Fitbit']
[u'https://www.daraz.pk/slash/?q=samsung', u'Slash']
[u'https://www.daraz.pk/jr-s/?q=samsung', u"JR's"]
[u'https://www.daraz.pk/wild/?q=samsung', u'Wild']
[u'https://www.daraz.pk/unique-hub/?q=samsung', u'Unique Hub']
[u'https://www.daraz.pk/herbo-natural/?q=samsung', u'Herbo Natural']
[u'https://www.daraz.pk/swiss-arabian/?q=samsung', u'swiss arabian']
[u'https://www.daraz.pk/my-deals/?q=samsung', u'My Deals']
[u'https://www.daraz.pk/met-rx-usa/?q=samsung', u'Met-Rx USA']
[u'https://www.daraz.pk/earldom/?q=samsung', u'Earldom']
[u'https://www.daraz.pk/sling-grip/?q=samsung', u'Sling Grip']
[u'https://www.daraz.pk/nouman-collection/?q=samsung', u'Nouman Collection']
[u'https://www.daraz.pk/oem/?q=samsung', u'OEM']
[u'https://www.daraz.pk/best-women-store/?q=samsung', u'Best Women Store']
[u'https://www.daraz.pk/hadi-s/?q=samsung', u"Hadi's"]
[u'https://www.daraz.pk/uag-urban-armor-gear/?q=samsung', u'UAG (Urban Armor Gear)']
[u'https://www.daraz.pk/foxconn/?q=samsung', u'Foxconn']
[u'https://www.daraz.pk/nameblue/?q=samsung', u'Nameblue']
[u'https://www.daraz.pk/fabricano/?q=samsung', u'Fabricano']
[u'https://www.daraz.pk/abbasi/?q=samsung', u'Abbasi']
[u'https://www.daraz.pk/dgtec/?q=samsung', u'DGtec']
[u'https://www.daraz.pk/jvc/?q=samsung', u'JVC']
[u'https://www.daraz.pk/china-mobile/?q=samsung', u'China Mobile']
[u'https://www.daraz.pk/bass/?q=samsung', u'Bass']
[u'https://www.daraz.pk/denon/?q=samsung', u'Denon']
[u'https://www.daraz.pk/monster/?q=samsung', u'Monster']
[u'https://www.daraz.pk/bullet/?q=samsung', u'Bullet']
[u'https://www.daraz.pk/xtreme/?q=samsung', u'Xtreme']
[u'https://www.daraz.pk/muscletech/?q=samsung', u'MuscleTech']
[u'https://www.daraz.pk/esajee-banner/?q=samsung', u'Esajee Banner']
[u'https://www.daraz.pk/shine/?q=samsung', u'Shine']
[u'https://www.daraz.pk/gift-voucher/?q=samsung', u'Daraz.pk']
[u'https://www.daraz.pk/cooler-master/?q=samsung', u'Cooler Master']
[u'https://www.daraz.pk/smoke-fashion/?q=samsung', u'Smoke Fashion']
[u'https://www.daraz.pk/joway/?q=samsung', u'Joway']
[u'https://www.daraz.pk/stech/?q=samsung', u'STech']
[u'https://www.daraz.pk/photofast/?q=samsung', u'PhotoFast']
[u'https://www.daraz.pk/novartis/?q=samsung', u'Novartis']
[u'https://www.daraz.pk/sinoele/?q=samsung', u'Sinoele']
[u'https://www.daraz.pk/ab/?q=samsung', u'AB']
[u'https://www.daraz.pk/netpower/?q=samsung', u'NETPOWER']
[u'https://www.daraz.pk/delsey/?q=samsung', u'Delsey']
[u'https://www.daraz.pk/ip2/?q=samsung', u'IP2']
[u'https://www.daraz.pk/proda-jane/?q=samsung', u'Proda Jane']
[u'https://www.daraz.pk/noosy/?q=samsung', u'Noosy']
[u'https://www.daraz.pk/at-collection/?q=samsung', u'AT Collection']
[u'https://www.daraz.pk/mobicity/?q=samsung', u'Mobicity']
[u'https://www.daraz.pk/tab/?q=samsung', u'Tab']
[u'https://www.daraz.pk/wacom/?q=samsung', u'Wacom']
[u'https://www.daraz.pk/wsm/?q=samsung', u'WSM']
[u'https://www.daraz.pk/viper/?q=samsung', u'Viper']
[u'https://www.daraz.pk/a-h-enterprises/?q=samsung', u'A H Enterprises']
[u'https://www.daraz.pk/schwarze-meister/?q=samsung', u'Schwarze Meister']
[u'https://www.daraz.pk/langsdom/?q=samsung', u'Langsdom']
[u'https://www.daraz.pk/mass-accessories/?q=samsung', u'Mass Accessories']
[u'https://www.daraz.pk/auto-xpert-collections/?q=samsung', u'Auto Xpert Collections']
[u'https://www.daraz.pk/pal-medica-pakistan/?q=samsung', u'Pal Medica Pakistan']
[u'https://www.daraz.pk/unic/?q=samsung', u'UNIC']
[u'https://www.daraz.pk/nomad/?q=samsung', u'NOMAD']
[u'https://www.daraz.pk/uthalay/?q=samsung', u'Uthalay']
[u'https://www.daraz.pk/fashion-inn-attitude/?q=samsung', u'Fashion Inn Attitude']
[u'https://www.daraz.pk/general-mobile/?q=samsung', u'General Mobile']
[u'https://www.daraz.pk/-le-couture/?q=samsung', u' Le Couture']
[u'https://www.daraz.pk/fashion-mart/?q=samsung', u'Fashion Mart']
[u'https://www.daraz.pk/kucipa/?q=samsung', u'Kucipa']
[u'https://www.daraz.pk/smart/?q=samsung', u'SMART']
[u'https://www.daraz.pk/vinsic/?q=samsung', u'Vinsic']
[u'https://www.daraz.pk/keweisi/?q=samsung', u'Keweisi']
[u'https://www.daraz.pk/zeegee/?q=samsung', u'ZeeGee']
[u'https://www.daraz.pk/shopping-mania/?q=samsung', u'Shopping Mania']
[u'https://www.daraz.pk/sneer/?q=samsung', u'Sneer']
[u'https://www.daraz.pk/audio-technica/?q=samsung', u'Audio-technica']
[u'https://www.daraz.pk/imuto/?q=samsung', u'Imuto']
[u'https://www.daraz.pk/m-i-c/?q=samsung', u'M.I.C']
[u'https://www.daraz.pk/headphonecentre/?q=samsung', u'HeadphoneCentre']
[u'https://www.daraz.pk/-comma/?q=samsung', u' COMMA']
[u'https://www.daraz.pk/shop2home/?q=samsung', u'Shop2Home']
[u'https://www.daraz.pk/trackr/?q=samsung', u'TrackR']
[u'https://www.daraz.pk/brother/?q=samsung', u'Brother']
[u'https://www.daraz.pk/mobeccories/?q=samsung', u'Mobeccories']
[u'https://www.daraz.pk/yuhai/?q=samsung', u'YUHAI']
[u'https://www.daraz.pk/as-seen-on-tv/?q=samsung', u'As seen on tv']
[u'https://www.daraz.pk/nudeaudio/?q=samsung', u'NudeAudio']
[u'https://www.daraz.pk/sky-fruit/?q=samsung', u'Sky Fruit']
[u'https://www.daraz.pk/eshop/?q=samsung', u'Eshop']
[u'https://www.daraz.pk/shs-gifts/?q=samsung', u'SHS Gifts']
[u'https://www.daraz.pk/x-level/?q=samsung', u'x-level']
[u'https://www.daraz.pk/mobileplus/?q=samsung', u'mobile plus']
[u'https://www.daraz.pk/itsay/?q=samsung', u'itsay']
[u'https://www.daraz.pk/razer/?q=samsung', u'Razer']
[u'https://www.daraz.pk/tecno-mobile/?q=samsung', u'Tecno Mobile']
[u'https://www.daraz.pk/genai/?q=samsung', u'Genai']
[u'https://www.daraz.pk/akekio/?q=samsung', u'Akekio']
[u'https://www.daraz.pk/global-electronic/?q=samsung', u'Global Electronic']
[u'https://www.daraz.pk/smart-collection/?q=samsung', u'SMART COLLECTION']
[u'https://www.daraz.pk/qbeats/?q=samsung', u'Qbeats']
[u'https://www.daraz.pk/behringer/?q=samsung', u'Behringer']
[u'https://www.daraz.pk/vodafone/?q=samsung', u'Vodafone']
[u'https://www.daraz.pk/bluetooth/?q=samsung', u'Bluetooth']
[u'https://www.daraz.pk/liteon/?q=samsung', u'LiteOn']
[u'https://www.daraz.pk/transcend/?q=samsung', u'Transcend']
[u'https://www.daraz.pk/universal-nutrition/?q=samsung', u'Universal Nutrition']
[u'https://www.daraz.pk/ultimate-nutrition/?q=samsung', u'Ultimate Nutrition']
[u'https://www.daraz.pk/twinlab/?q=samsung', u'TwinLab']
[u'https://www.daraz.pk/tech-world/?q=samsung', u'Tech World']
[u'https://www.daraz.pk/griffin-technology/?q=samsung', u'Griffin Technology']
[u'https://www.daraz.pk/flaem/?q=samsung', u'Flaem']
[u'https://www.daraz.pk/sok-plastic/?q=samsung', u'SOK Plastic']
[u'https://www.daraz.pk/steel-series/?q=samsung', u'Steel Series']
[u'https://www.daraz.pk/xmart/?q=samsung', u'Xmart']
[u'https://www.daraz.pk/abro/?q=samsung', u'ABRO']
[u'https://www.daraz.pk/ihave/?q=samsung', u'iHave']
[u'https://www.daraz.pk/tango-sports/?q=samsung', u'Tango Sports']
[u'https://www.daraz.pk/dobe/?q=samsung', u'DOBE']
[u'https://www.daraz.pk/monopod/?q=samsung', u'Monopod']
[u'https://www.daraz.pk/oricore/?q=samsung', u'Oricore']
[u'https://www.daraz.pk/systo/?q=samsung', u'Systo']
[u'https://www.daraz.pk/sam-nation/?q=samsung', u'Sam-Nation']
[u'https://www.daraz.pk/polaroid/?q=samsung', u'Polaroid']
[u'https://www.daraz.pk/iplay/?q=samsung', u'iPlay']
[u'https://www.daraz.pk/strepsils/?q=samsung', u'Strepsils']
[u'https://www.daraz.pk/car-plan/?q=samsung', u'Car Plan']
[u'https://www.daraz.pk/glaxo-smith-kline/?q=samsung', u'Glaxo Smith Kline']
[u'https://www.daraz.pk/victorinox/?q=samsung', u'Victorinox']
[u'https://www.daraz.pk/copper/?q=samsung', u'Copper']
[u'https://www.daraz.pk/miyanji/?q=samsung', u'Miyanji']
[u'https://www.daraz.pk/giftsmine/?q=samsung', u'Giftsmine']
[u'https://www.daraz.pk/se-light/?q=samsung', u'SE Light']
[u'https://www.daraz.pk/monopad/?q=samsung', u'Monopad']
[u'https://www.daraz.pk/smart-traders/?q=samsung', u'Smart Traders']
[u'https://www.daraz.pk/zagg/?q=samsung', u'Zagg']
[u'https://www.daraz.pk/nike/?q=samsung', u'Nike']
[u'https://www.daraz.pk/black-copper/?q=samsung', u'Black Copper']
[u'https://www.daraz.pk/al-rafay/?q=samsung', u'Al Rafay']
[u'https://www.daraz.pk/bpi-sports/?q=samsung', u'BPI Sports']
[u'https://www.daraz.pk/genius-accessories/?q=samsung', u'Genius Accessories']
[u'https://www.daraz.pk/naya-rung/?q=samsung', u'Naya Rung']
[u'https://www.daraz.pk/monster-cable/?q=samsung', u'Monster Cable']
[u'https://www.daraz.pk/bludio/?q=samsung', u'Bludio']
[u'https://www.daraz.pk/10-edition/?q=samsung', u'10 edition']
[u'https://www.daraz.pk/future-shop-pakistan/?q=samsung', u'Future Shop Pakistan']
[u'https://www.daraz.pk/traditional-enterprise/?q=samsung', u'Traditional Enterprise']
[u'https://www.daraz.pk/alhamra/?q=samsung', u'ALHamra']
[u'https://www.daraz.pk/a-one/?q=samsung', u'A One']
[u'https://www.daraz.pk/carvan/?q=samsung', u'Carvan']
[u'https://www.daraz.pk/ar-center/?q=samsung', u'AR Center']
[u'https://www.daraz.pk/fashion-collection/?q=samsung', u'Fashion Collection']
[u'https://www.daraz.pk/alifedesign/?q=samsung', u'ALIFEDESIGN']
[u'https://www.daraz.pk/lords-sports/?q=samsung', u'Lords Sports']
[u'https://www.daraz.pk/epiphone/?q=samsung', u'Epiphone ']
[u'https://www.daraz.pk/gear4music/?q=samsung', u'Gear4Music']
[u'https://www.daraz.pk/russian-bear-nutrition/?q=samsung', u'Russian Bear Nutrition']
[u'https://www.daraz.pk/orico/?q=samsung', u'Orico']
[u'https://www.daraz.pk/khareedlo/?q=samsung', u'Khareedlo']
[u'https://www.daraz.pk/hammer-smith/?q=samsung', u'Hammer & Smith']
[u'https://www.daraz.pk/vgate/?q=samsung', u'Vgate']
[u'https://www.daraz.pk/apollo/?q=samsung', u'Apollo']
[u'https://www.daraz.pk/langston/?q=samsung', u'Langston']
[u'https://www.daraz.pk/big-man/?q=samsung', u'Big Man']
[u'https://www.daraz.pk/alfa/?q=samsung', u'Alfa']
[u'https://www.daraz.pk/5-star/?q=samsung', u'5 Star']
[u'https://www.daraz.pk/self-edge-collections/?q=samsung', u'Self Edge Collections']
[u'https://www.daraz.pk/anycast/?q=samsung', u'Anycast']
[u'https://www.daraz.pk/vitalbrands/?q=samsung', u'VITALBRANDS']
[u'https://www.daraz.pk/m-h/?q=samsung', u'M.H']
[u'https://www.daraz.pk/deals-and-gifts/?q=samsung', u'Deals and Gifts']
[u'https://www.daraz.pk/kangaroo/?q=samsung', u'Kangaroo']
[u'https://www.daraz.pk/noor/?q=samsung', u'Noor']
[u'https://www.daraz.pk/easy-2-buy/?q=samsung', u'Easy 2 Buy']
[u'https://www.daraz.pk/b-n-mart/?q=samsung', u'B.N Mart']
[u'https://www.daraz.pk/xunom/?q=samsung', u'XUNOM']
[u'https://www.daraz.pk/waseem-electronics/?q=samsung', u'Waseem Electronics']
[u'https://www.daraz.pk/osteo-bi-flex-usa/?q=samsung', u'Osteo Bi-Flex USA']
[u'https://www.daraz.pk/gblue/?q=samsung', u'Gblue']
[u'https://www.daraz.pk/lo-jee/?q=samsung', u'LO-JEE']
[u'https://www.daraz.pk/windows/?q=samsung', u'Windows']
[u'https://www.daraz.pk/online-deals/?q=samsung', u'Online Deals']
[u'https://www.daraz.pk/wireless-stereo-headset/?q=samsung', u'Wireless Stereo headset']
[u'https://www.daraz.pk/dt/?q=samsung', u'DT']
[u'https://www.daraz.pk/sun-ce/?q=samsung', u'Sun Ce']
[u'https://www.daraz.pk/click-n-get/?q=samsung', u'Click N Get']
[u'https://www.daraz.pk/rompers/?q=samsung', u'Rompers']
[u'https://www.daraz.pk/idea-infinity/?q=samsung', u'Idea Infinity']
[u'https://www.daraz.pk/highlander/?q=samsung', u'Highlander']
[u'https://www.daraz.pk/sunday-bazaar/?q=samsung', u'Sunday Bazaar']
[u'https://www.daraz.pk/xzs/?q=samsung', u'XZS']
[u'https://www.daraz.pk/virtuoso/?q=samsung', u'VIRTUOSO']
[u'https://www.daraz.pk/mhd/?q=samsung', u'MHD']
[u'https://www.daraz.pk/marshall/?q=samsung', u'Marshall']
[u'https://www.daraz.pk/fantasy/?q=samsung', u'Fantasy']
[u'https://www.daraz.pk/progressive-books/?q=samsung', u'Progressive Books']
[u'https://www.daraz.pk/dunu/?q=samsung', u'DUNU']
[u'https://www.daraz.pk/time2/?q=samsung', u'TIME2']
[u'https://www.daraz.pk/dbpower/?q=samsung', u'DBPOWER']
[u'https://www.daraz.pk/giftsshop/?q=samsung', u'Giftsshop']
[u'https://www.daraz.pk/rajputs/?q=samsung', u'Rajputs']
[u'https://www.daraz.pk/sinbo/?q=samsung', u'Sinbo']
[u'https://www.daraz.pk/es24/?q=samsung', u'ES24']
[u'https://www.daraz.pk/sola-singhar/?q=samsung', u'Sola Singhar']
[u'https://www.daraz.pk/teleshoppingpk/?q=samsung', u'Teleshoppingpk']
[u'https://www.daraz.pk/deal-house/?q=samsung', u'Deal House']
[u'https://www.daraz.pk/shopping-junction/?q=samsung', u'Shopping Junction']
[u'https://www.daraz.pk/smart-shop/?q=samsung', u'Smart Shop']
[u'https://www.daraz.pk/bukhari/?q=samsung', u'Bukhari']
[u'https://www.daraz.pk/sanyo/?q=samsung', u'Sanyo']
[u'https://www.daraz.pk/oraimo/?q=samsung', u'Oraimo']
[u'https://www.daraz.pk/levin/?q=samsung', u'Levin']
[u'https://www.daraz.pk/coulax/?q=samsung', u'Coulax']
[u'https://www.daraz.pk/veerjeepk/?q=samsung', u'VeerJeePK']
[u'https://www.daraz.pk/ar-collection/?q=samsung', u'AR Collection']
[u'https://www.daraz.pk/rising-star/?q=samsung', u'Rising Star']
[u'https://www.daraz.pk/saste-shop/?q=samsung', u'Saste Shop']
[u'https://www.daraz.pk/moto/?q=samsung', u'Moto']
[u'https://www.daraz.pk/decom/?q=samsung', u'Decom']
[u'https://www.daraz.pk/homido/?q=samsung', u'Homido']
[u'https://www.daraz.pk/easy-shop-pakistan/?q=samsung', u'Easy Shop Pakistan']
[u'https://www.daraz.pk/dji/?q=samsung', u'DJI']
[u'https://www.daraz.pk/unique-decor/?q=samsung', u'Unique Decor']
[u'https://www.daraz.pk/maryam-collection/?q=samsung', u'Maryam Collection']
[u'https://www.daraz.pk/the-protein-works-uk/?q=samsung', u'The Protein Works\u2122 (UK)']
[u'https://www.daraz.pk/uni-t/?q=samsung', u'UNI-T']
[u'https://www.daraz.pk/techtronics/?q=samsung', u'Techtronics']
[u'https://www.daraz.pk/zong/?q=samsung', u'Zong']
[u'https://www.daraz.pk/oneforall/?q=samsung', u'OneForAll']
[u'https://www.daraz.pk/bulls-bears/?q=samsung', u'Bulls & Bears']
[u'https://www.daraz.pk/apna-electronic/?q=samsung', u'Apna Electronic']
[u'https://www.daraz.pk/yookie/?q=samsung', u'Yookie']
[u'https://www.daraz.pk/luna/?q=samsung', u'luna']
[u'https://www.daraz.pk/chuwi/?q=samsung', u'CHUWI']
[u'https://www.daraz.pk/fashion-wala/?q=samsung', u'Fashion Wala']
[u'https://www.daraz.pk/itel/?q=samsung', u'itel']
[u'https://www.daraz.pk/shopping-souls/?q=samsung', u'Shopping souls']
[u'https://www.daraz.pk/case-me/?q=samsung', u'Case Me']
[u'https://www.daraz.pk/pieri-cardin/?q=samsung', u'Pieri Cardin']
[u'https://www.daraz.pk/f5-refresh/?q=samsung', u'F5 Refresh']
[u'https://www.daraz.pk/marc-jacobs/?q=samsung', u'Marc Jacobs']
[u'https://www.daraz.pk/bcs/?q=samsung', u'BCS']
[u'https://www.daraz.pk/sasta-pk/?q=samsung', u'sasta pk']
[u'https://www.daraz.pk/kureshi-collections/?q=samsung', u'Kureshi Collections']
[u'https://www.daraz.pk/abdullah/?q=samsung', u'Abdullah']
[u'https://www.daraz.pk/catalog/?q=samsung&size=Adjustable', u'    Adjustable (4)']
[u'https://www.daraz.pk/catalog/?q=samsung&size=One+Size', u'    One Size (4)']
[u'https://www.daraz.pk/catalog/?q=samsung&size=Free+Size', u'    Free Size (3)']
[u'https://www.daraz.pk/catalog/?q=samsung&size=L%2FXL', u'    L/XL (1)']
[u'https://www.daraz.pk/catalog/?q=samsung&color_family=Black', u'    Black (3280)']
[u'https://www.daraz.pk/catalog/?q=samsung&color_family=White', u'    White (2186)']
[u'https://www.daraz.pk/catalog/?q=samsung&color_family=Neutrals', u'    Neutrals (1429)']
[u'https://www.daraz.pk/catalog/?q=samsung&color_family=Golden', u'    Golden (803)']
[u'https://www.daraz.pk/catalog/?q=samsung&color_family=Blue', u'    Blue (476)']
[u'https://www.daraz.pk/catalog/?q=samsung&color_family=Red', u'    Red (471)']
[u'https://www.daraz.pk/catalog/?q=samsung&color_family=Silver', u'    Silver (400)']
[u'https://www.daraz.pk/catalog/?q=samsung&color_family=Brown', u'    Brown (305)']
[u'https://www.daraz.pk/catalog/?q=samsung&color_family=Green', u'    Green (246)']
[u'https://www.daraz.pk/catalog/?q=samsung&color_family=Grey', u'    Grey (242)']
[u'https://www.daraz.pk/catalog/?q=samsung&color_family=Pink', u'    Pink (239)']
[u'https://www.daraz.pk/catalog/?q=samsung&color_family=Multicolour', u'    Multicolour (223)']
[u'https://www.daraz.pk/catalog/?q=samsung&color_family=Yellow', u'    Yellow (119)']
[u'https://www.daraz.pk/catalog/?q=samsung&color_family=Orange', u'    Orange (102)']
[u'https://www.daraz.pk/catalog/?q=samsung&color_family=Purple', u'    Purple (64)']
[u'https://www.daraz.pk/catalog/?q=samsung&color_family=Beige', u'    Beige (20)']
[u'https://www.daraz.pk/catalog/?q=samsung&color_family=Bronze', u'    Bronze (6)']
[u'https://www.daraz.pk/catalog/?q=samsung&color_family=Cream', u'    Cream (4)']
[u'https://www.daraz.pk/catalog/?q=samsung&color_family=Turquoise', u'    Turquoise (3)']
[u'https://www.daraz.pk/catalog/?q=samsung&gender=Unisex', u'    Unisex (62)']
[u'https://www.daraz.pk/catalog/?q=samsung&gender=Men', u'    Men (6)']
[u'https://www.daraz.pk/catalog/?q=samsung&gender=Women', u'    Women (1)']
[u'https://www.daraz.pk/catalog/?q=samsung&sort=popularity&dir=desc', u'Most Popular']
[u'https://www.daraz.pk/catalog/?q=samsung&sort=newest&dir=desc', u'New In']
[u'https://www.daraz.pk/catalog/?q=samsung&sort=Price%3A%20Low%20to%20High&dir=asc', u'Lowest Price']
[u'https://www.daraz.pk/catalog/?q=samsung&sort=Price%3A%20High%20to%20Low&dir=desc', u'Highest Price']
[u'https://www.daraz.pk/catalog/?q=samsung&sort=rating&dir=desc', u'Best Rating']
[u'https://www.daraz.pk/catalog/?q=samsung', u'1']
[u'https://www.daraz.pk/catalog/?q=samsung&page=2', u'2']
[u'https://www.daraz.pk/catalog/?q=samsung&page=3', u'3']
[u'https://www.daraz.pk/catalog/?q=samsung&page=25', u'25']
[u'https://www.daraz.pk/catalog/?q=samsung&page=2', u'Next']
[u'https://www.daraz.pk/samsung-galaxy-t560-tab-e-9.6-1.5gb-8gb-pearl-white-wifi-only-6644291.html', u'    Samsung\xa0 Galaxy T560 Tab E - 9.6" - 1.5GB - 8GB - Pearl White - Wifi Only-10%  Rs. \xa018,399  Rs. \xa020,500       Buy Now   ']
[u'https://www.daraz.pk/samsung-t285-7-8gb-1.5gb-ram-5mp-white-3g-6660525.html', u'    Samsung\xa0 T285 - 7" - 8GB - 1.5GB RAM - 5MP - White - 3G  Rs. \xa018,500      (2)     Buy Now   ']
[u'https://www.daraz.pk/samsung-galaxy-t560-tab-e-9.6-1.5gb-8gb-black-wifi-6681374.html', u'    Samsung\xa0 Galaxy T560 Tab E - 9.6" - 1.5GB - 8GB - Black - WiFi  -13%  Rs. \xa017,899  Rs. \xa020,500     (2)     Buy Now   ']
[u'https://www.daraz.pk/samsung-galaxy-t280-tab-a-7-5mp-white-6681635.html', u'    Samsung\xa0 Galaxy T280 - Tab A 7" - 5MP - White-9%  Rs. \xa014,999  Rs. \xa016,500       Buy Now   ']
[u'https://www.daraz.pk/samsung-galaxy-tab-a-7.0-1.5gb-8gb-wi-fi-black-6623674.html', u'    Samsung\xa0 Galaxy Tab A - 7.0" - 1.5GB - 8GB - Wi-Fi - Black-9%  Rs. \xa014,999  Rs. \xa016,500     (5)     Buy Now   ']
[u'https://www.daraz.pk/t285-7-8gb-rom-1.5gb-ram-white-samsung-mpg62496.html', u'    Samsung\xa0 T285 - 7" - 8GB ROM -1.5GB RAM - White-4%  Rs. \xa017,799  Rs. \xa018,500   (4 Offers from Rs. \xa017,799)    Buy Now   ']
[u'https://www.daraz.pk/galaxy-tab-a-2016-7-sm-t285-black-samsung-mpg60439.html', u'    Samsung\xa0 Galaxy Tab A (2016) - 7" - SM-T285 - Black  Rs. \xa021,000      (1)     Buy Now   ']
[u'https://www.daraz.pk/galaxy-grand-prime-plus-5.0-8gb-1.5gb-ram-8mp-camera-gold-samsung-mpg60787.html', u'        Samsung\xa0 Galaxy Grand Prime Plus - 5.0" - 8GB - 1.5GB RAM - 8MP Camera - Gold-9%  Rs. \xa014,490  Rs. \xa016,000   (2 Offers from Rs. \xa014,490)  (60)     Buy Now   ']
[u'https://www.daraz.pk/j120f-galaxy-j1-2016-edition-4.5-8gb-hdd-1-gb-ram-gold-samsung-mpg44651.html', u'    Samsung\xa0 Galaxy J1 J120F - 4.5" - 8GB - 1GB RAM - 5MP Camera - Gold-33%  Rs. \xa013,250  Rs. \xa019,900   (2 Offers from Rs. \xa013,250)  (22)     Buy Now   ']
[u'https://www.daraz.pk/samsung-s8-5.8-4gb-ram-64gb-rom-12mp-maple-gold-6666307.html', u'      Samsung\xa0 S8 - 5.8" - 4GB RAM - 64GB ROM - 12MP - Maple Gold-10%  Rs. \xa077,899  Rs. \xa087,000     (11)       Buy Now   ']
[u'https://www.daraz.pk/samsung-galaxy-a3-4.7-2gb-ram-16gb-13mp-gold-with-neon-flip-cover-6669944.html', u'    Samsung\xa0 Galaxy A3 - 4.7" - 2GB RAM - 16GB - 13MP - Gold - With Neon Flip Cover-6%  Rs. \xa030,399  Rs. \xa032,299         Buy Now   ']
[u'https://www.daraz.pk/samsung-galaxy-j1-mini-prime-4-8gb-1gb-ram-5mp-gold-6666294.html', u'    Samsung\xa0 Galaxy J1 Mini Prime - 4" - 8GB - 1GB RAM - 5MP - Gold-4%  Rs. \xa09,199  Rs. \xa09,569     (4)       Buy Now   ']
[u'https://www.daraz.pk/earphone-for-galaxy-s6-s6-edge-white-samsung-mpg63666.html', u'    Samsung\xa0 Earphone For Galaxy S6 & S6 Edge - White-60%  Rs. \xa0990  Rs. \xa02,499     (1)     Buy Now   ']
[u'https://www.daraz.pk/samsung-galaxy-a7-5.7-3gb-32gb-16mp-gold-with-neon-flip-cover-6669938.html', u'    Samsung\xa0 Galaxy A7 - 5.7" - 3GB - 32GB - 16MP - Gold - With Neon Flip Cover-7%  Rs. \xa046,299  Rs. \xa049,999         Buy Now   ']
[u'https://www.daraz.pk/j7-prime-5.5-32gb-rom-3gb-ram-gold-samsung-mpg50022.html', u'    Samsung\xa0 J7 Prime - 5.5" - 16GB  - 3GB RAM - 13MP - Gold-22%  Rs. \xa027,399  Rs. \xa035,000     (25)     Buy Now   ']
[u'https://www.daraz.pk/fast-charger-with-usb-cable-travel-adapter-for-samsung-white-samsung-mpg62831.html', u'    Samsung\xa0 Fast Charger With USB Cable Travel Adapter for Samsung - White-31%  Rs. \xa01,040  Rs. \xa01,499   (2 Offers from Rs. \xa01,040)  (2)     Buy Now   ']
[u'https://www.daraz.pk/2pin-fast-charger-with-cable-for-samsung-white-samsung-mpg62611.html', u'    Samsung\xa0 2Pin Fast Charger With Cable For Samsung - White-35%  Rs. \xa0978  Rs. \xa01,499   (2 Offers from Rs. \xa0978)    Buy Now   ']
[u'https://www.daraz.pk/j510f-galaxy-j5-2016-edition-5.2-16gb-hdd-2gb-ram-black-samsung-mpg44615.html', u'    Samsung\xa0 Galaxy J5 - J510F - 5.2" - 16GB ROM - 2GB RAM - 1.2 GHz Qualcomm - Black-28%  Rs. \xa020,999  Rs. \xa029,000   (4 Offers from Rs. \xa020,999)  (7)     Buy Now   ']
[u'https://www.daraz.pk/j7-prime-5.5-16gb-rom-3gb-ram-13mp-black-4g-lte-samsung-mpg56278.html', u'    Samsung\xa0 J7 Prime - 5.5" - 16GB ROM - 3GB RAM - 13MP - Black - 4G LTE-20%  Rs. \xa027,990  Rs. \xa034,999     (1)     Buy Now   ']
[u'https://www.daraz.pk/j5-prime-5.0-16gb-rom-2gb-ram-13mp-gold-4g-lte-samsung-mpg56277.html', u'    Samsung\xa0 J5 Prime - 5.0" - 16GB ROM - 2GB RAM - 13MP - Gold - 4G LTE-10%  Rs. \xa024,310  Rs. \xa026,999     (1)     Buy Now   ']
[u'https://www.daraz.pk/s8-5.8-qhd-display-4gb-ram-64gb-rom-midnight-black-samsung-mpg61265.html', u'        Samsung\xa0 S8 - 5.8" - QHD+ Display - 4GB RAM - 64GB ROM - Midnight Black-11%  Rs. \xa077,299  Rs. \xa087,000   (6 Offers from Rs. \xa077,299)  (6)     Buy Now   ']
[u'https://www.daraz.pk/s8-6.2-qhd-display-4gb-ram-64gb-rom-midnight-black-samsung-mpg61779.html', u'       Samsung\xa0 S8+ - 6.2" - QHD+ Display - 4GB RAM - 64GB ROM - Midnight Black-10%  Rs. \xa086,899  Rs. \xa097,000   (4 Offers from Rs. \xa086,899)  (7)     Pre order now   ']
[u'https://www.daraz.pk/s8-6.2-qhd-display-4gb-ram-64gb-rom-maple-gold-samsung-mpg61778.html', u'       Samsung\xa0 S8+ - 6.2" - QHD+ Display - 4GB RAM - 64GB ROM - Maple Gold-10%  Rs. \xa086,899  Rs. \xa097,000   (5 Offers from Rs. \xa086,899)  (7)     Buy Now   ']
[u'https://www.daraz.pk/s8-5.8-qhd-display-4gb-ram-64gb-rom-orchid-grey-samsung-mpg61777.html', u'        Samsung\xa0 S8 - 5.8" - QHD+ Display - 4GB RAM - 64GB ROM - Orchid Grey-11%  Rs. \xa077,299  Rs. \xa087,000   (4 Offers from Rs. \xa077,299)  (2)     Buy Now   ']
[u'https://www.daraz.pk/s8-5.8-qhd-display-4gb-ram-64gb-rom-maple-gold-samsung-mpg61776.html', u'        Samsung\xa0 S8 - 5.8" - QHD+ Display - 4GB RAM - 64GB ROM - Maple Gold-11%  Rs. \xa077,299  Rs. \xa087,000   (7 Offers from Rs. \xa077,299)  (18)     Buy Now   ']
[u'https://www.daraz.pk/s8-6.2-qhd-display-4gb-ram-64gb-rom-orchid-grey-samsung-mpg62493.html', u'    Samsung\xa0 S8+ - 6.2" - QHD+ Display - 4GB RAM - 64GB ROM - Orchid Grey-1%  Rs. \xa096,999  Rs. \xa097,000     (1)     Buy Now   ']
[u'https://www.daraz.pk/galaxy-j5-prime-1.4-ghz-5.0-2-gb-16-gb-13-mp-gold-samsung-mpg50286.html', u'    Samsung\xa0 Galaxy J5 Prime - 1.4 GHz - 5.0" - 2 GB - 16 GB - 13 MP - Gold-13%  Rs. \xa023,399  Rs. \xa027,000   (2 Offers from Rs. \xa023,399)  (18)     Buy Now   ']
[u'https://www.daraz.pk/c1010-galaxy-s4-zoom-4.3-8-gb-1.5-gb-ram-16-mp-black-brand-warranty-samsung-mpg5964.html', u'      Samsung\xa0 Galaxy S4 Zoom - SM-C1010 - 8GB - Black  Rs. \xa049,999      (29)     Buy Now   ']
[u'https://www.daraz.pk/galaxy-j5-prime-1.4-ghz-5.0-2-gb-16-gb-13-mp-black-samsung-mpg50285.html', u'    Samsung\xa0 Galaxy J5 Prime - 1.4 GHz - 5.0" - 2 GB - 16 GB - 13 MP - Black  Rs. \xa024,999    (2 Offers from Rs. \xa024,999)  (1)     Buy Now   ']
[u'https://www.daraz.pk/samsung-sm-g530h-grand-prime-5.0-8-gb-1-gb-ram-1.2-ghz-quad-core-8-mp-camera-gold-brand-warranty-5423109.html', u'    Sold Out  Samsung\xa0 SM-G530H - Grand Prime - 5.0"\x9d - 8 GB - 1 GB RAM - 1.2 GHz Quad-core - 8 MP Camera - Gold (Brand Warranty)  Rs. \xa016,500        ']
[u'https://www.daraz.pk/s5611-2.4-256-mb-hdd-5-mp-camera-white-brand-warranty-samsung-mpg6317.html', u'    Sold Out  Samsung\xa0 S5611 - 2.4" - 256 MB HDD - 5 MP Camera - White (Brand Warranty)  Rs. \xa08,307        ']
[u'https://www.daraz.pk/g900h-galaxy-s5-5.1-16gb-hdd-2-gb-ram-16-mp-camera-black-brand-warranty-samsung-mpg6055.html', u'    Sold Out  Samsung\xa0 Galaxy S5 - 16GB - Black - G900H  Rs. \xa045,000      (3)     ']
[u'https://www.daraz.pk/gear-vr-virtual-reality-for-galaxy-s6-s6-edge-s6-edge-note-5-black-white-samsung-mpg38916.html', u'    Samsung\xa0 Virtual Reality Gear - Black & White-38%  Rs. \xa04,999  Rs. \xa08,000   (2 Offers from Rs. \xa04,999)  (5)     Buy Now   ']
[u'https://www.daraz.pk/j700h-galaxy-j7-5.5-16-gb-1.4-ghz-quad-core-gold-samsung-mpg38826.html', u'    Samsung\xa0 Galaxy J700H - 16GB - Gold - 4G LTE-25%  Rs. \xa020,999  Rs. \xa028,000     (8)     Buy Now   ']
[u'https://www.daraz.pk/samsung-vip-traders-official-gear-vr-black-6511710.html', u'    Samsung\xa0 VIP Traders Official Gear Vr - Black-50%  Rs. \xa08,999  Rs. \xa017,999     (10)     Buy Now   ']
[u'https://www.daraz.pk/j1-ace-j110h-4.3-4gb-hdd-768mb-ram-5mp-camera-black-brand-warranty-samsung-mpg8328.html', u'    Samsung\xa0 Galaxy J1 Ace - J110H - 4GB - Black-8%  Rs. \xa010,999  Rs. \xa011,990   (3 Offers from Rs. \xa010,999)  (1)     Buy Now   ']
[u'https://www.daraz.pk/galaxy-j7-j700h-5.5-16-gb-1.5-gb-ram-1.4-ghz-quad-core-13-mp-camera-black-brand-warranty-samsung-mpg6203.html', u'    Samsung\xa0 Galaxy J700H - 16GB - Black-24%  Rs. \xa020,999  Rs. \xa027,500   (3 Offers from Rs. \xa020,999)  (8)     Buy Now   ']
[u'https://www.daraz.pk/samsung-galaxy-s8-clear-view-standing-cover-gold-6618738.html', u'    Samsung\xa0 Galaxy S8 Clear View Standing Cover - Gold-58%  Rs. \xa05,000  Rs. \xa012,000     (2)     Buy Now   ']
[u'https://www.daraz.pk/samsung-galaxy-s4-zoom-c1010-8gb-black-5423140.html', u'    Sold Out  Samsung\xa0 Galaxy S4 Zoom C1010 - 8GB - Black  Rs. \xa020,488      (1)     ']
[u'https://www.daraz.pk/galaxy-core-prime-g360h-4.5-inches-8gb-1gb-ram-quad-core-1.2-ghz-white-samsung-mpg53926.html', u'    Sold Out  Samsung\xa0 Galaxy Core Prime - G360H - 4.5 Inches - 8GB - 1GB Ram - Quad-core 1.2 GHz - White  Rs. \xa013,844        ']
[u'https://www.daraz.pk/catalog/?q=samsung', u'1']
[u'https://www.daraz.pk/catalog/?q=samsung&page=2', u'2']
[u'https://www.daraz.pk/catalog/?q=samsung&page=3', u'3']
[u'https://www.daraz.pk/catalog/?q=samsung&page=25', u'25']
[u'https://www.daraz.pk/catalog/?q=samsung&page=2', u'Next']
[u'https://itunes.apple.com/app/id978058048?mt=8', u'']
[u'https://play.google.com/store/apps/details?id=com.daraz.android&hl=en', u'']
[u'https://www.daraz.pk/help/', u'Help Center']
[u'https://www.daraz.pk/place-an-order/', u'Shopping on Daraz']
[u'https://www.daraz.pk/track/', u'Track Your Order']
[u'https://www.daraz.pk/daraz-corporate/', u'Corporate & Bulk Purchasing']
[u'https://www.daraz.pk/how-to-return/', u'Returns Centre ']
[u'https://www.daraz.pk/contact-us/', u'Contact Us']
[u'https://www.daraz.pk/daraz-exports/', u'Become an International Seller']
[u'https://www.daraz.pk/seller-hub/', u'Seller Hub']
[u'https://www.daraz.pk/dforce/', u'Become a Sales Consultant']
[u'https://www.daraz.pk/sell/', u'Daraz Marketplace']
[u'https://www.daraz.pk/affiliates/', u'Become an affiliate']
[u'https://www.daraz.pk/about/', u'About Us']
[u'https://careers.daraz.com/', u'Current Jobs at Daraz.pk']
[u'https://www.daraz.pk/terms-and-conditions/', u'Company']
[u'https://www.daraz.pk/privacy/', u'Company']
[u'https://www.daraz.pk/tcf-baghban/', u'Seller Hub']
[u'http://www.daraz.pk', u'Daraz Pakistan']
[u'http://www.daraz.com.bd', u'Daraz Bangladesh']
[u'http://www.shop.com.mm', u'Daraz Myanmar']
[u'http://www.daraz.lk/', u'Daraz Sri Lanka']
[u' https://www.facebook.com/darazpk', u'Daraz on Facebook']
[u'https://twitter.com/darazpk', u'Daraz on Twitter']
[u'https://instagram.com/darazpk', u'Daraz on Instagram']
[u'https://plus.google.com/+DarazPk/posts', u'Daraz on Google+']
[u'https://www.daraz.pk/fashionblog/', u'Daraz Fashion Blog']
[u'https://www.youtube.com/channel/UC4s_X7i72mLLOaPutxy39LQ', u'Daraz on Youtube']
[u'http://blog.daraz.pk/', u'Daraz Tech Blog']
[u'http://www.jovago.pk/', u'']
[u'https://www.lamudi.pk/', u'']
